Link type,Is nofollow,Source URL,Source HTTP status code,Target URL,Target HTTP status code,Anchor,Target final redirect URL,Target final redirect HTTP status code,Is source canonical,Is source noindex,Is link internal
Href link,false,https://www.pravdast.agency/blog/wp-rkovodstvo-za-nachinaeshhi-v-marketinga-za-malk-biznes,200,https://www.pravdast.agency/blog/kak-da-optimizirate-vashiya-biznes-za-maksimalna-efektivnost,404,Оптимизация на бизнеса,,,true,false,true
Href link,false,https://www.pravdast.agency/blog/wp-8-stpki-za-szdavane-na-efektivno-poslanie-na-brand,200,https://www.pravdast.agency/blog/kak-da-optimizirate-vashiya-biznes-za-maksimalna-efektivnost,404,Оптимизация на бизнеса,,,true,false,true
Href link,false,https://www.pravdast.agency/blog/wp-7-dokazani-metoda-za-optimizacziya-na-soczialnite-mrezhi,200,https://www.pravdast.agency/blog/biznes-inzheneri-vs-marketing-ekip-alternativa,404,Бизнес инженери vs екип,,,true,false,true
Href link,false,https://www.pravdast.agency/blog/wp-35,200,https://www.pravdast.agency/blog/biznes-inzheneri-vs-marketing-ekip-alternativa,404,Бизнес инженери vs екип,,,true,false,true
Href link,false,https://www.pravdast.agency/campaigns/glovo,200,https://www.pravdast.agency/blog/biznes-inzheneri-vs-marketing-ekip-alternativa,404,Бизнес инженери vs екип,,,true,false,true
Href link,false,https://www.pravdast.agency/blog/wp-narchnik-za-razshireno-seo-prez-2025,200,https://www.pravdast.agency/blog/biznes-inzheneri-vs-marketing-ekip-alternativa,404,Бизнес инженери vs екип,,,true,false,true
Href link,false,https://www.pravdast.agency/campaigns/glovo,200,https://www.pravdast.agency/blog/kak-da-optimizirate-vashiya-biznes-za-maksimalna-efektivnost,404,Оптимизация на бизнеса,,,true,false,true
Href link,false,https://www.pravdast.agency/blog/wp-8-stpki-za-szdavane-na-efektivno-poslanie-na-brand,200,https://www.pravdast.agency/blog/biznes-inzheneri-vs-marketing-ekip-alternativa,404,Бизнес инженери vs екип,,,true,false,true
Href link,false,https://www.pravdast.agency/campaigns,200,https://www.pravdast.agency/blog/kak-da-optimizirate-vashiya-biznes-za-maksimalna-efektivnost,404,Оптимизация на бизнеса,,,true,false,true
Href link,false,https://www.pravdast.agency/blog/wp-10-strategii-za-da-nakarate-klientite-da-se-vrshhat-za-oshhe,200,https://www.pravdast.agency/blog/biznes-inzheneri-vs-marketing-ekip-alternativa,404,Бизнес инженери vs екип,,,true,false,true
Href link,false,https://www.pravdast.agency/blog/wp-rkovodstvo-za-nachinaeshhi-v-marketinga-za-malk-biznes,200,https://www.pravdast.agency/blog/biznes-inzheneri-vs-marketing-ekip-alternativa,404,Бизнес инженери vs екип,,,true,false,true
Href link,false,https://www.pravdast.agency/blog/wp-narchnik-za-razshireno-seo-prez-2025,200,https://www.pravdast.agency/blog/kak-da-optimizirate-vashiya-biznes-za-maksimalna-efektivnost,404,Оптимизация на бизнеса,,,true,false,true
Href link,false,https://www.pravdast.agency/blog/wp-rkovodstvo-za-nachinaeshhi-za-izgrazhdane-na-silen-brand,200,https://www.pravdast.agency/blog/biznes-inzheneri-vs-marketing-ekip-alternativa,404,Бизнес инженери vs екип,,,true,false,true
Href link,false,https://www.pravdast.agency/campaigns,200,https://www.pravdast.agency/blog/biznes-inzheneri-vs-marketing-ekip-alternativa,404,Бизнес инженери vs екип,,,true,false,true
Href link,false,https://www.pravdast.agency/blog/wp-10-strategii-za-da-nakarate-klientite-da-se-vrshhat-za-oshhe,200,https://www.pravdast.agency/blog/kak-da-optimizirate-vashiya-biznes-za-maksimalna-efektivnost,404,Оптимизация на бизнеса,,,true,false,true
Href link,false,https://www.pravdast.agency/blog,200,https://www.pravdast.agency/blog/biznes-inzheneri-vs-marketing-ekip-alternativa,404,Бизнес инженери vs екип,,,true,false,true
Href link,false,https://www.pravdast.agency/blog/wp-8-trenda-v-digitalniya-marketing-koito-ne-tryabva-da-ignorirate-prez-2025,200,https://www.pravdast.agency/blog/kak-da-optimizirate-vashiya-biznes-za-maksimalna-efektivnost,404,Оптимизация на бизнеса,,,true,false,true
Href link,false,https://www.pravdast.agency/blog,200,https://www.pravdast.agency/blog/kak-da-optimizirate-vashiya-biznes-za-maksimalna-efektivnost,404,Оптимизация на бизнеса,,,true,false,true
Href link,false,https://www.pravdast.agency/blog/wp-3-te-cherni-dupki-koito-poglshhat-reklamniya-vi-byudzhet,200,https://www.pravdast.agency/blog/kak-da-optimizirate-vashiya-biznes-za-maksimalna-efektivnost,404,Оптимизация на бизнеса,,,true,false,true
Href link,false,https://www.pravdast.agency/blog/wp-8-stpkov-marketingov-odit-za-dohododosna-2025g,200,https://www.pravdast.agency/blog/kak-da-optimizirate-vashiya-biznes-za-maksimalna-efektivnost,404,Оптимизация на бизнеса,,,true,false,true
Href link,false,https://www.pravdast.agency/blog/wp-rkovodstvo-za-nachinaeshhi-za-izgrazhdane-na-silen-brand,200,https://www.pravdast.agency/blog/kak-da-optimizirate-vashiya-biznes-za-maksimalna-efektivnost,404,Оптимизация на бизнеса,,,true,false,true
Href link,false,https://www.pravdast.agency/blog/wp-zashho-rabotata-s-biznes-inzheneri-e-po-dobrata-alternativa-ot-izgrazhdaneto-i-poddrzhaneto-na-marketing-ekip,200,https://www.pravdast.agency/blog/biznes-inzheneri-vs-marketing-ekip-alternativa,404,Бизнес инженери vs екип,,,true,false,true
Href link,false,https://www.pravdast.agency/blog/wp-8-trenda-v-digitalniya-marketing-koito-ne-tryabva-da-ignorirate-prez-2025,200,https://www.pravdast.agency/blog/biznes-inzheneri-vs-marketing-ekip-alternativa,404,Бизнес инженери vs екип,,,true,false,true
Href link,false,https://www.pravdast.agency/blog/wp-prouchvane-na-klyuchovi-dumi-za-onlajn-trgoviya-rkovodstvo-za-2025g,200,https://www.pravdast.agency/blog/kak-da-optimizirate-vashiya-biznes-za-maksimalna-efektivnost,404,Оптимизация на бизнеса,,,true,false,true
Href link,false,https://www.pravdast.agency/blog/wp-7-dokazani-metoda-za-optimizacziya-na-soczialnite-mrezhi,200,https://www.pravdast.agency/blog/kak-da-optimizirate-vashiya-biznes-za-maksimalna-efektivnost,404,Оптимизация на бизнеса,,,true,false,true
Href link,false,https://www.pravdast.agency/blog/wp-zashho-rabotata-s-biznes-inzheneri-e-po-dobrata-alternativa-ot-izgrazhdaneto-i-poddrzhaneto-na-marketing-ekip,200,https://www.pravdast.agency/blog/kak-da-optimizirate-vashiya-biznes-za-maksimalna-efektivnost,404,Оптимизация на бизнеса,,,true,false,true
Href link,false,https://www.pravdast.agency/blog/wp-prouchvane-na-klyuchovi-dumi-za-onlajn-trgoviya-rkovodstvo-za-2025g,200,https://www.pravdast.agency/blog/biznes-inzheneri-vs-marketing-ekip-alternativa,404,Бизнес инженери vs екип,,,true,false,true
Href link,false,https://www.pravdast.agency/blog/wp-3-te-cherni-dupki-koito-poglshhat-reklamniya-vi-byudzhet,200,https://www.pravdast.agency/blog/biznes-inzheneri-vs-marketing-ekip-alternativa,404,Бизнес инженери vs екип,,,true,false,true
Href link,false,https://www.pravdast.agency/blog/wp-8-stpkov-marketingov-odit-za-dohododosna-2025g,200,https://www.pravdast.agency/blog/biznes-inzheneri-vs-marketing-ekip-alternativa,404,Бизнес инженери vs екип,,,true,false,true
Href link,false,https://www.pravdast.agency/,200,https://www.pravdast.agency/blog/kak-da-optimizirate-vashiya-biznes-za-maksimalna-efektivnost,404,Оптимизация на бизнеса,,,true,false,true
Href link,false,https://www.pravdast.agency/,200,https://www.pravdast.agency/blog/biznes-inzheneri-vs-marketing-ekip-alternativa,404,Бизнес инженери vs екип,,,true,false,true
Href link,false,https://www.pravdast.agency/blog/wp-35,200,https://www.pravdast.agency/blog/kak-da-optimizirate-vashiya-biznes-za-maksimalna-efektivnost,404,Оптимизация на бизнеса,,,true,false,true
