PR,URL,Title,Content type,Is rendered page,HTTP status code,Meta description,No. of content words,Page text,Extracted text (raw <body>) (length),Text hash,Organic traffic,Is indexable page
43,https://www.pravdast.agency/,Правдаст - Бизнес системи вместо маркетинг хаос | България,text/html; charset=utf-8,false,200,Защо да залагаш на маркетинг когато можеш да имаш система? Превръщаме хаоса в предвидими резултати чрез инженеринг - не догадки.,331,<truncated>,4023,17759256765690681052,0,true
39,https://www.pravdast.agency/campaigns,Готови решения | Спри да търсиш маркетинг агенции,text/html; charset=utf-8,false,200,"Спри да търсиш маркетинг агенции. Ето готови бизнес решения които работят - не теории, а системи за реални продажби.",345,<truncated>,3999,2601608078436951909,0,true
39,https://www.pravdast.agency/blog,Бизнес блог | Инженеринг вместо маркетинг митове,text/html; charset=utf-8,false,200,Разкриваме какво наистина работи в бизнеса. Без маркетинг приказки - само проверени системи и реални резултати от практиката.,145,<truncated>,1803,16390015355932437210,0,true
29,https://www.pravdast.agency/blog/wp-zashho-rabotata-s-biznes-inzheneri-e-po-dobrata-alternativa-ot-izgrazhdaneto-i-poddrzhaneto-na-marketing-ekip,Защо работата с бизнес инженери е по-добрата алтернатива ... - Pravda ST,text/html; charset=utf-8,false,200,"Работата с бизнес инженери предлага систематичен подход към растежа, спестявайки капитал и избягвайки хаоса на вътрешните екипи.",1943,<truncated>,23300,17719476847510685108,0,true
28,https://www.pravdast.agency/blog/wp-3-te-cherni-dupki-koito-poglshhat-reklamniya-vi-byudzhet,"3-те черни дупки, които поглъщат рекламния ви бюджет. - Pravda ST",text/html; charset=utf-8,false,200,Научете как липсата на ясна стратегия и таргетиране може да превърне рекламния ви бюджет в бездънна черна дупка и как да избегнете това.,1771,<truncated>,21134,4045701683873877245,0,true
21,https://www.pravdast.agency/blog/wp-7-dokazani-metoda-za-optimizacziya-na-soczialnite-mrezhi,7 доказани метода за оптимизация на социалните мрежи - Pravda ST,text/html; charset=utf-8,false,200,Открийте как да използвате социалните медии ефективно за повишаване на видимостта на вашата марка и ангажираността с аудиторията ви.,1988,<truncated>,25317,244215054149454938,0,true
21,https://www.pravdast.agency/blog/wp-8-stpki-za-szdavane-na-efektivno-poslanie-na-brand,8 стъпки за създаване на ефективно послание на бранд - Pravda ST,text/html; charset=utf-8,false,200,"Научете как да създадете ефективно бранд послание, което отразява ценностите ви и резонира с аудиторията, за да отличите марката си от конкурентите.",2026,<truncated>,25644,1207614825910260385,0,true
21,https://www.pravdast.agency/blog/wp-narchnik-za-razshireno-seo-prez-2025,Наръчник за разширено SEO през 2025 - Pravda ST,text/html; charset=utf-8,false,200,"Разширеното SEO през 2025 обединява технически умения и разбиране на потребителското намерение, за да постигне устойчив органичен растеж и по-добра видимост.",1381,<truncated>,17132,17521833686650543456,0,true
21,https://www.pravdast.agency/blog/wp-8-stpkov-marketingov-odit-za-dohododosna-2025g,8 стъпков маркетингов одит за дохододосна 2025г. - Pravda ST,text/html; charset=utf-8,false,200,"Научете как маркетинговият одит помага на бизнеса да се адаптира към промените, като оценява текущите стратегии и идентифицира области за подобрение.",3296,<truncated>,42643,3518168779645112454,0,true
21,https://www.pravdast.agency/blog/wp-35,10 начина да изпозлвате промоционално ценообразуване - Pravda ST,text/html; charset=utf-8,false,200,"Промоционалното ценообразуване временно намалява цените, за да привлича клиенти и увеличава продажбите. Стратегията включва сезонни отстъпки и пробни оферти.",2845,<truncated>,36517,3322821414925046753,0,true
21,https://www.pravdast.agency/blog/wp-10-strategii-za-da-nakarate-klientite-da-se-vrshhat-za-oshhe,"10 стратегии, за да накарате клиентите да се връщат за още. - Pravda ST",text/html; charset=utf-8,false,200,"Разберете как да задържите клиентите си с доказани стратегии за лоялност и повторни покупки, които ще помогнат на бизнеса ви да расте устойчиво.",2418,<truncated>,31800,16056014546128905401,0,true
21,https://www.pravdast.agency/blog/wp-rkovodstvo-za-nachinaeshhi-v-marketinga-za-malk-biznes,Ръководство за начинаещи в маркетинга за малък бизнес. - Pravda ST,text/html; charset=utf-8,false,200,"Това ръководство за маркетинг на малък бизнес ще ви помогне да се ориентирате сред традиционни и дигитални стратегии, за да достигнете правилната аудитория.",3143,<truncated>,41082,14645077334167629811,0,true
21,https://www.pravdast.agency/blog/wp-8-trenda-v-digitalniya-marketing-koito-ne-tryabva-da-ignorirate-prez-2025,"8 Тренда в дигиталния маркетинг, които не трябва да игнор... - Pravda ST",text/html; charset=utf-8,false,200,През 2025 г. дигиталният маркетинг ще изисква адаптивност към нови тенденции като AI персонализация и видео съдържание за успешни стратегии.,1763,<truncated>,22469,551112621012108686,0,true
21,https://www.pravdast.agency/blog/wp-rkovodstvo-za-nachinaeshhi-za-izgrazhdane-na-silen-brand,Ръководство за начинаещи за изграждане на силен brand - Pravda ST,text/html; charset=utf-8,false,200,"Брандингът създава уникална идентичност за марка чрез лого, дизайн и послания, които резонират с аудиторията и насърчават лоялност.",2232,<truncated>,28661,14771045608823111998,0,true
21,https://www.pravdast.agency/blog/wp-prouchvane-na-klyuchovi-dumi-za-onlajn-trgoviya-rkovodstvo-za-2025g,Проучване на ключови думи за онлайн търговия (ръководство... - Pravda ST,text/html; charset=utf-8,false,200,"Научете как да извършвате проучване на ключови думи за електронна търговия и да оптимизирате съдържанието си, за да привлечете повече клиенти онлайн.",2023,<truncated>,25247,18128648417285973017,0,true
21,https://www.pravdast.agency/campaigns/glovo,"Glovo Кампания - Pravda ST | 23 ресторанта спестиха 1,800 лв",text/html; charset=utf-8,false,200,"Откажете се от стария маркетинг! Софиянски ресторанти спестяват 1,800 лв месечно с нашите иновативни системи за поръчки. Разберете как!",500,<truncated>,5200,4120828175788080282,0,true
