PR,URL,Title,Content type,Is rendered page,HTTP status code,No. of content words,Page text,Extracted text (raw <body>) (length),Text hash,Meta description,H1,Organic traffic,Is indexable page
21,https://www.pravdast.agency/campaigns/glovo,"Glovo Кампания - Pravda ST | 23 ресторанта спестиха 1,800 лв",text/html; charset=utf-8,false,200,923,"Glovo Кампания - Pravda ST | 23 ресторанта спестиха 1,800 лв
PRAVDA ST
Услуги
Кампании
Резултати
Блог
За нас
Контакти
Търсене⌘K
Безплатна консултация
Услуги
Всички услугиSEO Struktor™Trendlab™Clickstarter™Clientomat™
Кампании
Резултати
Блог
За нас
Контакти
Безплатна консултация
Знаете ли, че всеки месецподарявате на Glovoхиляди левове?
Безплатен калкулатор: Вижте точно колко ви струва Glovo месечно + получете персонализиран план за освобождаване за 90 дни
Преди - Glovo фактура
2,400 лв
Месечни комисионни (30%)
След - Директни поръчки
1,000 лв
Запазени приходи
Изчислете разходите си за Glovo (Безплатно)Глово калкулатор🔒 100% безплатен анализ - не се изисква плащане
📱 Резултати доставени за 2 минути
🇧🇬 Специализирани в български ресторанти
Glovo капанът, който убива печалбите ви
Всеки месец предавате 30% от доставките си на Glovo. Това са 1,500 лв, 2,000 лв, дори 3,000+ лв, които отиват директно в една испанска техническа компания.
Но ето какво е по-лошо:
❌Клиентите ви стават ТЕХНИ клиенти
(никога не получавате контактите им)
❌Една лоша Glovo оценка съсипва рейтинга ви
(в цялата платформа)
❌Конкурирате с 50+ ресторанта
(в същото приложение)
❌Могат да променят комисионните
(по всяко време (и го правят))
Междувременно, българските ви конкуренти, които избягаха от Glovo,
запазват тези 30% като чиста печалба.
🏆 Защо собствената система е по-добра от Glovo
Когато имате собствена система за поръчки:
👑
ВАШИТЕ КЛИЕНТИ ОСТАВАТ ВАШИ
✅Получавате техните телефони и имейли
✅Можете да ги канете за специални събития
✅Изграждате лични връзки с редовни клиенти
✅Glovo НИКОГА не ви дава контактите им
🎯
КОНТРОЛИРАТЕ ВСИЧКО
✅Промоции когато ВИЕ решите
✅Цени които ВИЕ определяте
✅Брандът ви, не Glovo брандът
✅Никой не може да ви ""изключи""
💰
ДЪЛГОСРОЧНИ ПРИХОДИ
✅База от клиенти която расте всеки месец
✅Редовни поръчки от същите хора години наред
✅Независимост от външни платформи
✅100% от печалбата остава при вас
💬""Сега нашите 280 клиента поръчват директно от нас. Знаем ги по име, знаем какво обичат. Това е НАШИЙ бизнес, не на Glovo.""
— Мария Д., пицария, Пловдив
Ето какво ще откриете в безплатния Glovo калкулатор:
✅ Точната сума която платихте на Glovo миналия месец
(повечето собственици подценяват с 40%)
✅ Вашия персонализиран план за освобождаване
3 стъпки за намаляване на Glovo зависимостта с 60% за 90 дни
✅ Схема за система за директни поръчки
която се изплаща за 2 месеца със спестените комисионни
✅ План за изграждане на клиентска база
от хора които ще поръчват директно от вас
✅ Реални примери от български ресторанти
които удвоиха директните си поръчки
🎁 Получете БЕЗПЛАТНИЯ си Комплектза Независимост на Ресторанта
Вместо да се чудите колко ви струва Glovo, получете точни числа + пълен план за намаляване на зависимостта с 60% за 90 дни.
Какво ще получите:
✅ Персонализиран Glovo доклад за разходи - точни числа за вашия ресторант
✅ 3-стъпков план за освобождаване за вашия тип заведение
✅ Схема за система за директни поръчки - готова за използване
✅ Ръководство за изграждане на клиентска база - стъпка по стъпка
✅ БЕЗПЛАТНА 15-минутна стратегическа консултация - персонализирани съвети
Обща стойност: 450 лв- Ваша безплатно днес
🔒НИКОГА не споделяме информацията ви•📞Обаждаме се САМО в удобно за вас време
Защо помагам на български ресторанти да се освободят от Glovo
Помогнах на 47 български ресторанта да намалят разходите си за платформи за доставка докато увеличават директните си поръчки.
Започнах това след като видях твърде много семейни ресторанти да плащат хиляди левове месечно на чужди технологични компании - пари, които трябва да остават в българските семейства.
💡
ГАРАНЦИЯ:
Ако не изградите собствена клиентска база от поне 100 директни клиента за 3 месеца, ще работим с вас безплатно докато го постигнете.
Pravda ST
Бизнес инженеринг платформа за предприемачи, които искат предвидим растеж и освобождаване от операционната работа.
contact@pravdagency.eu
+359 879 282 299
гр. Варна ул. Дебър №58
Системи
SEO Struktor™
Trendlab™
Clickstarter™
Clientomat™
Компания
За нас
Резултати
Блог
Въпроси
Контакти
Блог
Бизнес инженери vs екип
Оптимизация на бизнеса
Правни
Условия за ползване
Политика за поверителност
© 2025 Pravda ST. Всички права запазени.
⭐⭐⭐⭐⭐
""Плащахме на Glovo 2,200 лв всеки месец. Сега плащаме 800 лв и клиентите ни поръчват директно от нас.Повече от наема на заведението! Нямаше как да продължим така.Сега с новата система клиентите ни поръчват директно, а ние запазваменад 1,400 лева всеки месец. Най-доброто решение, което взехме за бизнеса.""
Димитър П.
собственик на кебапче, София
47
ресторанта освободени от Glovo зависимост
1,800 лв
средно спестени месечно
85%
директни поръчки вместо Glovo
💬""За 3 месеца спестихме 4,800 лв които преди даваме на Glovo. Сега парите остават при нас.""
— Мария Д., бургери и сандвичи, Пловдив
💬""Построихме система за директни поръчки която ни спести 22,000 лв годишно.""
— Стоян К., механа, Бургас
💬""Сега имаме 320 клиента в нашата база. Те поръчват директно от нас всяка седмица.""
— Георги Т., китайски ресторант, Варна
💬""Намалихме Glovo зависимостта от 80% на само 15% за 4 месеца. Контролираме бизнеса си.""
— Анна П., обект за бързо хранене, Стара Загора
Стъпка 1 от 4(25% завършено)
""Къде да изпратим вашия Комплект за Независимост на Ресторанта?""
Какъв тип заведение имате?
Пицария
Кебапче/Дюнер
Традиционен ресторант/Механа
Бързо хранене
Друго
Следваща стъпка
🔒 НИКОГА не споделяме информацията ви
📞 Обаждаме се САМО в удобно за вас време
🚫 Няма спам, няма натрапчиви обаждания
✅ Само ценни съвети за вашия ресторант
📱 Комплектът се изпраща веднага на телефона и имейла ви",9839,1355148407769283399,"Омръзна ли ти от остарелите маркетинг тактики? Открий как ресторанти в София спестяват 1,800 лв месечно с иновативни системи и инженеринг.","Знаете ли, че всеки месец подарявате на Glovo хиляди левове?",0,true
