PR,URL,Title,Content type,Is rendered page,HTTP status code,Organic traffic,Is indexable page,Is in sitemap,Referenced in sitemaps,No. of all inlinks,First found at
42,https://www.pravdast.agency/,Правдаст - Бизнес системи вместо маркетинг хаос | България,text/html; charset=utf-8,false,200,0,true,true,https://www.pravdast.agency/sitemap.xml,30,
40,https://www.pravdast.agency/services,Бизнес инженерни услуги — Pravda Agency,text/html; charset=utf-8,false,200,0,true,true,https://www.pravdast.agency/sitemap.xml,32,
38,https://www.pravdast.agency/terms,Условия | Как работят системите вместо маркетинг хаос,text/html; charset=utf-8,false,200,0,true,true,https://www.pravdast.agency/sitemap.xml,28,
38,https://www.pravdast.agency/about,"Екип | Не маркетолози, а бизнес инженери",text/html; charset=utf-8,false,200,0,true,true,https://www.pravdast.agency/sitemap.xml,28,
38,https://www.pravdast.agency/case-studies,Резултати | Маркетинг vs Инженеринг - вижте разликата,text/html; charset=utf-8,false,200,0,true,true,https://www.pravdast.agency/sitemap.xml,28,
38,https://www.pravdast.agency/campaigns,Готови решения | Спри да търсиш маркетинг агенции,text/html; charset=utf-8,false,200,0,true,true,https://www.pravdast.agency/sitemap.xml,28,
38,https://www.pravdast.agency/faq,Въпроси | Всичко за системите вместо маркетинг,text/html; charset=utf-8,false,200,0,true,true,https://www.pravdast.agency/sitemap.xml,28,
38,https://www.pravdast.agency/privacy,Поверителност | Защитаваме данните си като инженери,text/html; charset=utf-8,false,200,0,true,true,https://www.pravdast.agency/sitemap.xml,28,
38,https://www.pravdast.agency/contact,Контакти | Готов за система вместо маркетинг игри?,text/html; charset=utf-8,false,200,0,true,true,https://www.pravdast.agency/sitemap.xml,28,
38,https://www.pravdast.agency/blog,Бизнес блог | Инженеринг вместо маркетинг митове,text/html; charset=utf-8,false,200,0,true,true,https://www.pravdast.agency/sitemap.xml,28,
28,https://www.pravdast.agency/blog/wp-zashho-rabotata-s-biznes-inzheneri-e-po-dobrata-alternativa-ot-izgrazhdaneto-i-poddrzhaneto-na-marketing-ekip,Защо работата с бизнес инженери е по-добрата алтернатива ... - Pravda ST,text/html; charset=utf-8,false,200,0,true,true,https://www.pravdast.agency/sitemap.xml,13,
28,https://www.pravdast.agency/blog/wp-3-te-cherni-dupki-koito-poglshhat-reklamniya-vi-byudzhet,"3-те черни дупки, които поглъщат рекламния ви бюджет. - Pravda ST",text/html; charset=utf-8,false,200,0,true,true,https://www.pravdast.agency/sitemap.xml,12,
21,https://www.pravdast.agency/campaigns/glovo,"Glovo Кампания - Pravda ST | 23 ресторанта спестиха 1,800 лв",text/html; charset=utf-8,false,200,0,true,true,https://www.pravdast.agency/sitemap.xml,1,
20,https://www.pravdast.agency/blog/wp-7-dokazani-metoda-za-optimizacziya-na-soczialnite-mrezhi,7 доказани метода за оптимизация на социалните мрежи - Pravda ST,text/html; charset=utf-8,false,200,0,true,true,https://www.pravdast.agency/sitemap.xml,0,
20,https://www.pravdast.agency/blog/wp-8-stpki-za-szdavane-na-efektivno-poslanie-na-brand,8 стъпки за създаване на ефективно послание на бранд - Pravda ST,text/html; charset=utf-8,false,200,0,true,true,https://www.pravdast.agency/sitemap.xml,0,
20,https://www.pravdast.agency/blog/wp-narchnik-za-razshireno-seo-prez-2025,Наръчник за разширено SEO през 2025 - Pravda ST,text/html; charset=utf-8,false,200,0,true,true,https://www.pravdast.agency/sitemap.xml,0,
20,https://www.pravdast.agency/calculators,ROI Калкулатори | Колко струва маркетинг хаосът?,text/html; charset=utf-8,false,200,0,true,true,https://www.pravdast.agency/sitemap.xml,0,
20,https://www.pravdast.agency/blog/wp-8-stpkov-marketingov-odit-za-dohododosna-2025g,8 стъпков маркетингов одит за дохододосна 2025г. - Pravda ST,text/html; charset=utf-8,false,200,0,true,true,https://www.pravdast.agency/sitemap.xml,0,
20,https://www.pravdast.agency/blog/wp-35,10 начина да изпозлвате промоционално ценообразуване - Pravda ST,text/html; charset=utf-8,false,200,0,true,true,https://www.pravdast.agency/sitemap.xml,0,
20,https://www.pravdast.agency/blog/wp-10-strategii-za-da-nakarate-klientite-da-se-vrshhat-za-oshhe,"10 стратегии, за да накарате клиентите да се връщат за още. - Pravda ST",text/html; charset=utf-8,false,200,0,true,true,https://www.pravdast.agency/sitemap.xml,0,
20,https://www.pravdast.agency/blog/wp-rkovodstvo-za-nachinaeshhi-v-marketinga-za-malk-biznes,Ръководство за начинаещи в маркетинга за малък бизнес - Pravda ST,text/html; charset=utf-8,false,200,0,true,true,https://www.pravdast.agency/sitemap.xml,0,
20,https://www.pravdast.agency/blog/wp-8-trenda-v-digitalniya-marketing-koito-ne-tryabva-da-ignorirate-prez-2025,"8 Тренда в дигиталния маркетинг, които не трябва да игнор... - Pravda ST",text/html; charset=utf-8,false,200,0,true,true,https://www.pravdast.agency/sitemap.xml,0,
20,https://www.pravdast.agency/blog/wp-rkovodstvo-za-nachinaeshhi-za-izgrazhdane-na-silen-brand,Ръководство за начинаещи за изграждане на силен brand - Pravda ST,text/html; charset=utf-8,false,200,0,true,true,https://www.pravdast.agency/sitemap.xml,0,
20,https://www.pravdast.agency/blog/wp-prouchvane-na-klyuchovi-dumi-za-onlajn-trgoviya-rkovodstvo-za-2025g,Проучване на ключови думи за онлайн търговия (ръководство... - Pravda ST,text/html; charset=utf-8,false,200,0,true,true,https://www.pravdast.agency/sitemap.xml,0,
18,https://www.pravdast.agency/services/clickstarter,Clickstarter™ | Реклами които работят като машина,text/html; charset=utf-8,false,200,0,false,true,https://www.pravdast.agency/sitemap.xml,28,
18,https://www.pravdast.agency/services/clientomat,Clientomat™ | Клиенти идват сами докато спиш,text/html; charset=utf-8,false,200,0,false,true,https://www.pravdast.agency/sitemap.xml,28,
18,https://www.pravdast.agency/services/trendlab,Trendlab™ | Стани авторитет без рекламни бюджети,text/html; charset=utf-8,false,200,0,false,true,https://www.pravdast.agency/sitemap.xml,28,
18,https://www.pravdast.agency/services/seo-struktor,SEO Struktor™ | Забрави маркетинг тактиките - ето система,text/html; charset=utf-8,false,200,0,false,true,https://www.pravdast.agency/sitemap.xml,28,
