PR,URL,Title,Content type,Is rendered page,HTTP status code,Organic traffic,Depth,Internal outlinks to 4xx,Internal outlinks codes (4xx),Internal outlinks to 5xx,Internal outlinks codes (5xx),No. of internal outlinks to 4xx,No. of internal outlinks to 5xx,External outlinks to 4xx,External outlinks codes (4xx),External outlinks to 5xx,External outlinks codes (5xx),No. of external outlinks to 4xx,No. of external outlinks to 5xx
18,https://www.pravdast.agency/services/clickstarter,Clickstarter™ | Реклами които работят като машина,text/html; charset=utf-8,false,200,0,0,"https://www.pravdast.agency/blog/biznes-inzheneri-vs-marketing-ekip-alternativa
https://www.pravdast.agency/blog/kak-da-optimizirate-vashiya-biznes-za-maksimalna-efektivnost","404
404",,,2,0,,,,,0,0
18,https://www.pravdast.agency/services/clientomat,Clientomat™ | Клиенти идват сами докато спиш,text/html; charset=utf-8,false,200,0,0,"https://www.pravdast.agency/blog/biznes-inzheneri-vs-marketing-ekip-alternativa
https://www.pravdast.agency/blog/kak-da-optimizirate-vashiya-biznes-za-maksimalna-efektivnost","404
404",,,2,0,,,,,0,0
18,https://www.pravdast.agency/services/trendlab,Trendlab™ | Стани авторитет без рекламни бюджети,text/html; charset=utf-8,false,200,0,0,"https://www.pravdast.agency/blog/biznes-inzheneri-vs-marketing-ekip-alternativa
https://www.pravdast.agency/blog/kak-da-optimizirate-vashiya-biznes-za-maksimalna-efektivnost","404
404",,,2,0,,,,,0,0
18,https://www.pravdast.agency/services/seo-struktor,SEO Struktor™ | Забрави маркетинг тактиките - ето система,text/html; charset=utf-8,false,200,0,0,"https://www.pravdast.agency/blog/biznes-inzheneri-vs-marketing-ekip-alternativa
https://www.pravdast.agency/blog/kak-da-optimizirate-vashiya-biznes-za-maksimalna-efektivnost","404
404",,,2,0,,,,,0,0
