Link type,Is nofollow,Source URL,Source HTTP status code,Target URL,Target HTTP status code,Target no-crawl reason,Alt attribute,Is source canonical,Is source noindex,Is link internal
Image,false,https://www.pravdast.agency/blog/wp-8-stpkov-marketingov-odit-za-dohododosna-2025g,200,https://admin.pravdagency.eu/wp-content/uploads/2025/08/marketingov-odit-3-1024x683.webp,,Ignored by settings,,true,false,false
Image,false,https://www.pravdast.agency/blog/wp-8-stpkov-marketingov-odit-za-dohododosna-2025g,200,https://admin.pravdagency.eu/wp-content/uploads/2025/08/marketingov-odit-1-1024x683.webp,,Ignored by settings,,true,false,false
Image,false,https://www.pravdast.agency/blog/wp-prouchvane-na-klyuchovi-dumi-za-onlajn-trgoviya-rkovodstvo-za-2025g,200,https://admin.pravdagency.eu/wp-content/uploads/2025/08/prouchvane-na-klyuchovi-dumi-1-1024x683.webp,,Ignored by settings,,true,false,false
Image,false,https://www.pravdast.agency/blog/wp-35,200,https://admin.pravdagency.eu/wp-content/uploads/2025/08/promoczionalno-czenoobrazuvane-1-1024x683.webp,,Ignored by settings,,true,false,false
Image,false,https://www.pravdast.agency/blog/wp-12-naj-dobri-ai-kopirajting-instrumenta-za-2025,200,https://admin.pravdagency.eu/wp-content/uploads/2025/08/image-150.png,,Ignored by settings,,true,false,false
Image,false,https://www.pravdast.agency/blog/wp-7-dokazani-metoda-za-optimizacziya-na-soczialnite-mrezhi,200,https://admin.pravdagency.eu/wp-content/uploads/2025/08/20250812_1046_optimizacziya-1-1024x683.webp,,Ignored by settings,,true,false,false
Image,false,https://www.pravdast.agency/blog/wp-12-naj-dobri-ai-kopirajting-instrumenta-za-2025,200,https://admin.pravdagency.eu/wp-content/uploads/2025/08/image-149.png,,Ignored by settings,,true,false,false
Image,false,https://www.pravdast.agency/blog/wp-rkovodstvo-za-nachinaeshhi-v-marketinga-za-malk-biznes,200,https://admin.pravdagency.eu/wp-content/uploads/2025/08/20250812_1108_marketing-1-1024x683.webp,,Ignored by settings,,true,false,false
Image,false,https://www.pravdast.agency/blog/wp-12-naj-dobri-ai-kopirajting-instrumenta-za-2025,200,https://admin.pravdagency.eu/wp-content/uploads/2025/08/image-151.png,,Ignored by settings,,true,false,false
Image,false,https://www.pravdast.agency/blog/wp-35,200,https://admin.pravdagency.eu/wp-content/uploads/2025/08/promoczionalno-czenoobrazuvane-2-1024x683.webp,,Ignored by settings,,true,false,false
Image,false,https://www.pravdast.agency/blog/wp-7-dokazani-metoda-za-optimizacziya-na-soczialnite-mrezhi,200,https://admin.pravdagency.eu/wp-content/uploads/2025/08/20250812_1046_optimizacziya-3-1024x683.webp,,Ignored by settings,,true,false,false
Image,false,https://www.pravdast.agency/blog/wp-rkovodstvo-za-nachinaeshhi-v-marketinga-za-malk-biznes,200,https://admin.pravdagency.eu/wp-content/uploads/2025/08/20250812_1056_silata-1024x683.webp,,Ignored by settings,,true,false,false
Image,false,https://www.pravdast.agency/blog/wp-8-stpki-za-szdavane-na-efektivno-poslanie-na-brand,200,https://admin.pravdagency.eu/wp-content/uploads/2025/08/20250812_1056_silata-3-1024x683.webp,,Ignored by settings,,true,false,false
Image,false,https://www.pravdast.agency/blog/wp-12-naj-dobri-ai-kopirajting-instrumenta-za-2025,200,https://admin.pravdagency.eu/wp-content/uploads/2025/08/image-152.png,,Ignored by settings,,true,false,false
Image,false,https://www.pravdast.agency/blog/wp-prouchvane-na-klyuchovi-dumi-za-onlajn-trgoviya-rkovodstvo-za-2025g,200,https://admin.pravdagency.eu/wp-content/uploads/2025/08/prouchvane-na-klyuchovi-dumi-2-1024x683.webp,,Ignored by settings,,true,false,false
Image,false,https://www.pravdast.agency/blog/wp-10-strategii-za-da-nakarate-klientite-da-se-vrshhat-za-oshhe,200,https://admin.pravdagency.eu/wp-content/uploads/2025/08/20250812_1036_strategii-1-1024x683.webp,,Ignored by settings,,true,false,false
Image,false,https://www.pravdast.agency/blog/wp-3-te-cherni-dupki-koito-poglshhat-reklamniya-vi-byudzhet,200,https://admin.pravdagency.eu/wp-content/uploads/2025/08/pravda-clientomat-1024x683.webp,,Ignored by settings,,true,false,false
Image,false,https://www.pravdast.agency/blog/wp-8-trenda-v-digitalniya-marketing-koito-ne-tryabva-da-ignorirate-prez-2025,200,https://admin.pravdagency.eu/wp-content/uploads/2025/08/tendenczii-v-digitalniya-marketing-3-1024x683.webp,,Ignored by settings,,true,false,false
Image,false,https://www.pravdast.agency/blog/wp-rkovodstvo-za-nachinaeshhi-za-izgrazhdane-na-silen-brand,200,https://admin.pravdagency.eu/wp-content/uploads/2025/08/elementi-na-uspeshniya-branding-2-1024x683.webp,,Ignored by settings,,true,false,false
Image,false,https://www.pravdast.agency/blog/wp-10-strategii-za-da-nakarate-klientite-da-se-vrshhat-za-oshhe,200,https://admin.pravdagency.eu/wp-content/uploads/2025/08/20250812_1036_strategii-3-1024x683.webp,,Ignored by settings,,true,false,false
Image,false,https://www.pravdast.agency/blog/wp-rkovodstvo-za-nachinaeshhi-v-marketinga-za-malk-biznes,200,https://admin.pravdagency.eu/wp-content/uploads/2025/08/20250812_1110_marketing-1024x683.webp,,Ignored by settings,,true,false,false
Image,false,https://www.pravdast.agency/blog/wp-7-dokazani-metoda-za-optimizacziya-na-soczialnite-mrezhi,200,https://admin.pravdagency.eu/wp-content/uploads/2025/08/20250812_1046_optimizacziya-1024x683.webp,,Ignored by settings,,true,false,false
Image,false,https://www.pravdast.agency/blog/wp-3-te-cherni-dupki-koito-poglshhat-reklamniya-vi-byudzhet,200,https://admin.pravdagency.eu/wp-content/uploads/2025/08/pravda-trendlab-1-1024x683.webp,,Ignored by settings,,true,false,false
Image,false,https://www.pravdast.agency/blog/wp-8-stpki-za-szdavane-na-efektivno-poslanie-na-brand,200,https://admin.pravdagency.eu/wp-content/uploads/2025/08/20250812_1056_silata-2-1024x683.webp,,Ignored by settings,,true,false,false
Image,false,https://www.pravdast.agency/blog/wp-narchnik-za-razshireno-seo-prez-2025,200,https://admin.pravdagency.eu/wp-content/uploads/2025/08/razshireno-seo-rkovodstvo-1-1024x683.webp,,Ignored by settings,,true,false,false
Image,false,https://www.pravdast.agency/blog/wp-35,200,https://admin.pravdagency.eu/wp-content/uploads/2025/08/promoczionalno-czenoobrazuvane-3-1024x683.webp,,Ignored by settings,,true,false,false
Image,false,https://www.pravdast.agency/blog/wp-8-trenda-v-digitalniya-marketing-koito-ne-tryabva-da-ignorirate-prez-2025,200,https://admin.pravdagency.eu/wp-content/uploads/2025/08/endenczii-v-digitalniya-marketing-1-1024x683.webp,,Ignored by settings,,true,false,false
Image,false,https://www.pravdast.agency/blog/wp-10-strategii-za-da-nakarate-klientite-da-se-vrshhat-za-oshhe,200,https://admin.pravdagency.eu/wp-content/uploads/2025/08/20250812_1036_strategii-2-1024x683.webp,,Ignored by settings,,true,false,false
Image,false,https://www.pravdast.agency/blog/wp-narchnik-za-razshireno-seo-prez-2025,200,https://admin.pravdagency.eu/wp-content/uploads/2025/08/razshireno-seo-rkovodstvo-2-1024x683.webp,,Ignored by settings,,true,false,false
Image,false,https://www.pravdast.agency/blog/wp-rkovodstvo-za-nachinaeshhi-za-izgrazhdane-na-silen-brand,200,https://admin.pravdagency.eu/wp-content/uploads/2025/08/elementi-na-uspeshniya-branding-4-1024x683.webp,,Ignored by settings,,true,false,false
Image,false,https://www.pravdast.agency/blog/wp-8-stpki-za-szdavane-na-efektivno-poslanie-na-brand,200,https://admin.pravdagency.eu/wp-content/uploads/2025/08/20250812_1056_silata-1-1024x683.webp,,Ignored by settings,,true,false,false
Image,false,https://www.pravdast.agency/blog/wp-8-stpkov-marketingov-odit-za-dohododosna-2025g,200,https://admin.pravdagency.eu/wp-content/uploads/2025/08/marketingov-odit-2-1024x683.webp,,Ignored by settings,,true,false,false
