Link type,Is nofollow,Source URL,Source HTTP status code,Target URL,Target HTTP status code,Anchor,Hreflang attribute,Is target redirecting,No. of href inlinks to target final redirect,Target final redirect URL,Target final redirect HTTP status code,Target final redirect no-crawl reason,Is final redirect internal,Is final redirect indexable,Is source canonical,Is source noindex
Sitemap URL,false,https://www.pravdast.agency/sitemap.xml,200,https://pravdast.agency/blog/wp-narchnik-za-razshireno-seo-prez-2025,307,,,true,0,https://www.pravdast.agency/blog/wp-narchnik-za-razshireno-seo-prez-2025,200,,true,true,true,false
Sitemap URL,false,https://www.pravdast.agency/sitemap.xml,200,https://pravdast.agency/blog/wp-8-stpki-za-szdavane-na-efektivno-poslanie-na-brand,307,,,true,0,https://www.pravdast.agency/blog/wp-8-stpki-za-szdavane-na-efektivno-poslanie-na-brand,200,,true,true,true,false
Sitemap URL,false,https://www.pravdast.agency/sitemap.xml,200,https://pravdast.agency/blog/wp-rkovodstvo-za-nachinaeshhi-za-izgrazhdane-na-silen-brand,307,,,true,0,https://www.pravdast.agency/blog/wp-rkovodstvo-za-nachinaeshhi-za-izgrazhdane-na-silen-brand,200,,true,true,true,false
Sitemap URL,false,https://www.pravdast.agency/sitemap.xml,200,https://pravdast.agency/blog/wp-10-strategii-za-da-nakarate-klientite-da-se-vrshhat-za-oshhe,307,,,true,0,https://www.pravdast.agency/blog/wp-10-strategii-za-da-nakarate-klientite-da-se-vrshhat-za-oshhe,200,,true,true,true,false
Sitemap URL,false,https://www.pravdast.agency/sitemap.xml,200,https://pravdast.agency/blog/wp-8-stpkov-marketingov-odit-za-dohododosna-2025g,307,,,true,0,https://www.pravdast.agency/blog/wp-8-stpkov-marketingov-odit-za-dohododosna-2025g,200,,true,true,true,false
Sitemap URL,false,https://www.pravdast.agency/sitemap.xml,200,https://pravdast.agency/blog/wp-prouchvane-na-klyuchovi-dumi-za-onlajn-trgoviya-rkovodstvo-za-2025g,307,,,true,0,https://www.pravdast.agency/blog/wp-prouchvane-na-klyuchovi-dumi-za-onlajn-trgoviya-rkovodstvo-za-2025g,200,,true,true,true,false
Sitemap URL,false,https://www.pravdast.agency/sitemap.xml,200,https://pravdast.agency/blog/wp-7-dokazani-metoda-za-optimizacziya-na-soczialnite-mrezhi,307,,,true,0,https://www.pravdast.agency/blog/wp-7-dokazani-metoda-za-optimizacziya-na-soczialnite-mrezhi,200,,true,true,true,false
Sitemap URL,false,https://www.pravdast.agency/sitemap.xml,200,https://pravdast.agency/blog/wp-rkovodstvo-za-nachinaeshhi-v-marketinga-za-malk-biznes,307,,,true,0,https://www.pravdast.agency/blog/wp-rkovodstvo-za-nachinaeshhi-v-marketinga-za-malk-biznes,200,,true,true,true,false
Sitemap URL,false,https://www.pravdast.agency/sitemap.xml,200,https://pravdast.agency/blog/wp-8-trenda-v-digitalniya-marketing-koito-ne-tryabva-da-ignorirate-prez-2025,307,,,true,0,https://www.pravdast.agency/blog/wp-8-trenda-v-digitalniya-marketing-koito-ne-tryabva-da-ignorirate-prez-2025,200,,true,true,true,false
Sitemap URL,false,https://www.pravdast.agency/sitemap.xml,200,https://pravdast.agency/blog/wp-35,307,,,true,0,https://www.pravdast.agency/blog/wp-35,200,,true,true,true,false
