PR,URL,Title,Content type,Is rendered page,HTTP status code,Organic traffic,Size (bytes),Time to first byte (ms),Loading time (ms),Depth,Is indexable page,No. of all inlinks,First found at
28,https://www.pravdast.agency/blog/wp-zashho-rabotata-s-biznes-inzheneri-e-po-dobrata-alternativa-ot-izgrazhdaneto-i-poddrzhaneto-na-marketing-ekip,Защо работата с бизнес инженери е по-добрата алтернатива ... - Pravda ST,text/html; charset=utf-8,false,200,0,20012,3782,3783,0,true,13,
28,https://www.pravdast.agency/blog/wp-3-te-cherni-dupki-koito-poglshhat-reklamniya-vi-byudzhet,"3-те черни дупки, които поглъщат рекламния ви бюджет. - Pravda ST",text/html; charset=utf-8,false,200,0,20183,3877,3878,0,true,12,
20,https://www.pravdast.agency/blog/wp-7-dokazani-metoda-za-optimizacziya-na-soczialnite-mrezhi,7 доказани метода за оптимизация на социалните мрежи - Pravda ST,text/html; charset=utf-8,false,200,0,19859,4206,4206,0,true,0,
20,https://www.pravdast.agency/blog/wp-8-stpki-za-szdavane-na-efektivno-poslanie-na-brand,8 стъпки за създаване на ефективно послание на бранд - Pravda ST,text/html; charset=utf-8,false,200,0,20633,4682,4684,0,true,0,
20,https://www.pravdast.agency/blog/wp-narchnik-za-razshireno-seo-prez-2025,Наръчник за разширено SEO през 2025 - Pravda ST,text/html; charset=utf-8,false,200,0,17058,4509,4511,0,true,0,
20,https://www.pravdast.agency/blog/wp-8-stpkov-marketingov-odit-za-dohododosna-2025g,8 стъпков маркетингов одит за дохододосна 2025г. - Pravda ST,text/html; charset=utf-8,false,200,0,27634,3595,3597,0,true,0,
20,https://www.pravdast.agency/blog/wp-35,10 начина да изпозлвате промоционално ценообразуване - Pravda ST,text/html; charset=utf-8,false,200,0,24883,3632,3634,0,true,0,
20,https://www.pravdast.agency/blog/wp-10-strategii-za-da-nakarate-klientite-da-se-vrshhat-za-oshhe,"10 стратегии, за да накарате клиентите да се връщат за още. - Pravda ST",text/html; charset=utf-8,false,200,0,23062,6267,6268,0,true,0,
20,https://www.pravdast.agency/blog/wp-rkovodstvo-za-nachinaeshhi-v-marketinga-za-malk-biznes,Ръководство за начинаещи в маркетинга за малък бизнес - Pravda ST,text/html; charset=utf-8,false,200,0,28876,8759,8759,0,true,0,
20,https://www.pravdast.agency/blog/wp-12-naj-dobri-ai-kopirajting-instrumenta-za-2025,"12-те най-добри AI копирайтинг инструмента за 2025
12 най-добри AI копирайтинг инструмента за 2025 - Pravda ST",text/html; charset=utf-8,false,200,0,22346,4649,4651,0,true,0,
20,https://www.pravdast.agency/blog/wp-8-trenda-v-digitalniya-marketing-koito-ne-tryabva-da-ignorirate-prez-2025,"8 Тренда в дигиталния маркетинг, които не трябва да игнор... - Pravda ST",text/html; charset=utf-8,false,200,0,18431,6338,6339,0,true,0,
20,https://www.pravdast.agency/blog/wp-rkovodstvo-za-nachinaeshhi-za-izgrazhdane-na-silen-brand,Ръководство за начинаещи за изграждане на силен brand - Pravda ST,text/html; charset=utf-8,false,200,0,20916,3446,3447,0,true,0,
20,https://www.pravdast.agency/blog/wp-prouchvane-na-klyuchovi-dumi-za-onlajn-trgoviya-rkovodstvo-za-2025g,Проучване на ключови думи за онлайн търговия (ръководство... - Pravda ST,text/html; charset=utf-8,false,200,0,20300,2771,2773,0,true,0,
