PR,URL,Title,Content type,Is rendered page,HTTP status code,Organic traffic,Open graph URL,Canonical URL,Canonical URL code,Is valid Open graph,Open graph attributes,Open graph values,Depth,Is indexable page,No. of all inlinks
40,https://www.pravdast.agency/services,Бизнес инженерни услуги — Pravda Agency,text/html; charset=utf-8,false,200,0,https://pravdast.agency/services,https://www.pravdast.agency/services,200,true,"og:type
og:image:type
og:image:alt
og:image:height
og:image:width
og:image
og:locale
og:site_name
og:url
og:description
og:title","website
image/png
Pravda Agency Services — Бизнес инженерни системи
630
1200
https://pravdast.agency/pravda-og-services.png
bg_BG
Pravda Agency
https://pravdast.agency/services
SEO Struktor™, Trendlab™, Clickstarter™ и Clientomat™ — системи за предвидим растеж на българския бизнес.
Бизнес инженерни услуги — Pravda Agency",0,true,32
38,https://www.pravdast.agency/terms,Условия | Как работят системите вместо маркетинг хаос,text/html; charset=utf-8,false,200,0,https://www.pravdagency.eu/terms,https://www.pravdast.agency/terms,200,false,"og:type
og:locale
og:site_name
og:url
og:description
og:title","website
bg_BG
Pravda Agency
https://www.pravdagency.eu/terms
Общи условия за ползване на услугите на Pravda Agency. Прочетете правилата и условията за нашите бизнес инженеринг системи.
Общи условия - Pravda Agency | Terms of Service",0,true,28
38,https://www.pravdast.agency/case-studies,Резултати | Маркетинг vs Инженеринг - вижте разликата,text/html; charset=utf-8,false,200,0,https://www.pravdagency.eu/case-studies,https://www.pravdast.agency/case-studies,200,false,"og:type
og:locale
og:site_name
og:url
og:description
og:title","website
bg_BG
Pravda Agency
https://www.pravdagency.eu/case-studies
Вижте как помогнахме на клиентите си да постигнат исключителни резултати с нашите бизнес системи. Реални проекти, измерими резултати.
Успешни казуси - Pravda Agency | Реални резултати",0,true,28
38,https://www.pravdast.agency/faq,Въпроси | Всичко за системите вместо маркетинг,text/html; charset=utf-8,false,200,0,https://www.pravdagency.eu/faq,https://www.pravdast.agency/faq,200,false,"og:type
og:locale
og:site_name
og:url
og:description
og:title","website
bg_BG
Pravda Agency
https://www.pravdagency.eu/faq
Отговори на най-честите въпроси за нашите бизнес системи, цени, сроки и процеси. Научете повече за SEO Struktor™, Trendlab™, Clickstarter™ и Clientomat™.
Често задавани въпроси - Pravda Agency | FAQ",0,true,28
38,https://www.pravdast.agency/privacy,Поверителност | Защитаваме данните си като инженери,text/html; charset=utf-8,false,200,0,https://www.pravdagency.eu/privacy,https://www.pravdast.agency/privacy,200,false,"og:type
og:locale
og:site_name
og:url
og:description
og:title","website
bg_BG
Pravda Agency
https://www.pravdagency.eu/privacy
Политика за поверителност на Pravda Agency. Как защитаваме личните ви данни при използване на нашите бизнес инженеринг услуги.
Политика за поверителност - Pravda Agency | Privacy Policy",0,true,28
