PR,URL,Title,Content type,Is rendered page,HTTP status code,Organic traffic,Is indexable page,No. of all inlinks,Is in sitemap,First found at
40,https://www.pravdagency.eu/,Правдаст - Бизнес инженеринг за предвидим растеж в България,text/html; charset=utf-8,false,200,0,true,18,false,
39,https://www.pravdagency.eu/services/trendlab,Pravdast - Бизнес инженеринг за предвидим растеж в България,text/html; charset=utf-8,false,200,0,true,17,false,https://www.pravdagency.eu/
39,https://www.pravdagency.eu/terms,Общи условия - Pravda Agency | Terms of Service,text/html; charset=utf-8,false,200,0,true,17,false,https://www.pravdagency.eu/
39,https://www.pravdagency.eu/services,Pravdast - Бизнес инженеринг за предвидим растеж в България,text/html; charset=utf-8,false,200,0,true,17,false,https://www.pravdagency.eu/
39,https://www.pravdagency.eu/services/clientomat,Pravdast - Бизнес инженеринг за предвидим растеж в България,text/html; charset=utf-8,false,200,0,true,17,false,https://www.pravdagency.eu/
39,https://www.pravdagency.eu/calculators,ROI Калкулатори - Pravda Agency | Изчислете печалбата от нашите системи,text/html; charset=utf-8,false,200,0,true,17,false,https://www.pravdagency.eu/
39,https://www.pravdagency.eu/faq,Често задавани въпроси - Pravda Agency | FAQ,text/html; charset=utf-8,false,200,0,true,17,false,https://www.pravdagency.eu/
39,https://www.pravdagency.eu/case-studies,Успешни казуси - Pravda Agency | Реални резултати,text/html; charset=utf-8,false,200,0,true,17,false,https://www.pravdagency.eu/
39,https://www.pravdagency.eu/contact,Контакти - Pravda Agency | Свържете се с нас,text/html; charset=utf-8,false,200,0,true,17,false,https://www.pravdagency.eu/
39,https://www.pravdagency.eu/blog,Блог - Pravda Agency | Бизнес инженерство и растеж,text/html; charset=utf-8,false,200,0,true,17,false,https://www.pravdagency.eu/
39,https://www.pravdagency.eu/services/seo-struktor,Pravdast - Бизнес инженеринг за предвидим растеж в България,text/html; charset=utf-8,false,200,0,true,17,false,https://www.pravdagency.eu/
39,https://www.pravdagency.eu/services/clickstarter,Pravdast - Бизнес инженеринг за предвидим растеж в България,text/html; charset=utf-8,false,200,0,true,17,false,https://www.pravdagency.eu/
39,https://www.pravdagency.eu/privacy,Политика за поверителност - Pravda Agency | Privacy Policy,text/html; charset=utf-8,false,200,0,true,17,false,https://www.pravdagency.eu/
38,https://www.pravdagency.eu/about,За нас - Pravda Agency | Бизнес инженери за растеж,text/html; charset=utf-8,false,200,0,true,16,false,https://www.pravdagency.eu/
21,https://www.pravdagency.eu/blog/clickstarter-optimizatsiya-onlain-reklami,Clickstarter™: Оптимизация на онлайн реклами | Pravda Agency Blog,text/html; charset=utf-8,false,200,0,true,1,false,https://www.pravdagency.eu/blog
21,https://www.pravdagency.eu/blog/trendlab-izgrazhdane-avtoritet-sdarzhanie,Trendlab™: Изграждане на авторитет чрез съдържание | Pravda Agency Blog,text/html; charset=utf-8,false,200,0,true,1,false,https://www.pravdagency.eu/blog
21,https://www.pravdagency.eu/blog/biznes-inzhenerstvo-predvidim-rastezh,Бизнес инженеринг: Как да превърнете хаоса в предсказуем растеж | Pravda Agency Blog,text/html; charset=utf-8,false,200,0,true,1,false,https://www.pravdagency.eu/blog
