PR,URL,Title,Content type,Is rendered page,HTTP status code,Organic traffic,Is indexable page,Meta description,H1,H2,No. of content words,No. of internal outlinks,No. of external outlinks,Page text,Extracted text (raw <body>) (length),Text hash,First found at
38,https://www.pravdagency.eu/calculators,ROI Калкулатори - Pravda Agency | Изчислете печалбата от нашите системи,text/html; charset=utf-8,false,200,0,true,"Интерактивни калкулатори за ROI на SEO Struktor™, Trendlab™, Clickstarter™ и Clientomat™. Изчислете точната печалба от нашите бизнес инженеринг системи.",Изчислете точната печалба система,Готови ли сте да превърнете тези числа в резултати?,201,13,6,"ROI Калкулатори - Pravda Agency | Изчислете печалбата от нашите системи
PRAVDA ST
Начало
Услуги
Калкулатори
Резултати
Блог
За нас
Контакти
Търсене⌘K
Безплатна консултация
Начало
Услуги
Всички услугиSEO Struktor™Trendlab™Clickstarter™Clientomat™
Калкулатори
Резултати
Блог
За нас
Контакти
Безплатна консултация
Изчислете точната печалбасистема
Спрете да гадаете - започнете да планирате с реални числа.
Остават 3 места за 2025
SEO Struktor™SEO Struktor
Trendlab™Trendlab
Clickstarter™Clickstarter
Clientomat™Clientomat
SEO Struktor™
SEO оптимизация за органичен растеж и подобрени позиции в Google
SEO Struktor™
Калкулатор за печалба
Въведете данни за анализ
Текущ месечен трафик (посетители)
Средна позиция в Google0
Брой целеви ключови думи
ИндустрияИзберете индустрия
SEO Struktor™ Потенциал
0
от 100
Остават 3 места за 2025
Готови ли сте да превърнететези числа в резултати?
Кандидатствайте за диагностика и получете персонализиран план за растеж.
Безплатна консултация
Без ангажименти
Отговор в 48 часа
Кандидатствайте за диагностика
PRAVDA ST
Консултантска компания за бизнес инженеринг. Изграждаме системи за предвидим растеж.
Услуги
SEO Struktor™
Trendlab™
Clickstarter™
Clientomat™
Компания
За нас
Резултати
Блог
Въпроси
Контакти
Контакти
contact@pravdagency.eu
+359 879 282 299
гр. Варна ул. Дебър №58
Бързи контакти
Viber
WhatsApp
© 2025 Pravda ST. Всички права запазени.
Условия за ползване
Политика за поверителност",2347,13992567141908641347,
