PR,URL,Title,Content type,Is rendered page,HTTP status code,Organic traffic,Depth,H1,H1 length,No. of H1,Is indexable page
21,https://www.pravdagency.eu/blog/clickstarter-optimizatsiya-onlain-reklami,Clickstarter™: Оптимизация на онлайн реклами | Pravda Agency Blog,text/html; charset=utf-8,false,200,0,2,"Clickstarter™: Оптимизация на онлайн реклами
Clickstarter™: Оптимизация на онлайн реклами","44
44",2,true
21,https://www.pravdagency.eu/blog/trendlab-izgrazhdane-avtoritet-sdarzhanie,Trendlab™: Изграждане на авторитет чрез съдържание | Pravda Agency Blog,text/html; charset=utf-8,false,200,0,2,"Trendlab™: Изграждане на авторитет чрез съдържание
Trendlab™: Изграждане на авторитет чрез съдържание","50
50",2,true
21,https://www.pravdagency.eu/blog/biznes-inzhenerstvo-predvidim-rastezh,Бизнес инженеринг: Как да превърнете хаоса в предсказуем растеж | Pravda Agency Blog,text/html; charset=utf-8,false,200,0,2,"Бизнес инженеринг: Как да превърнете хаоса в предсказуем растеж
Бизнес инженеринг: Как да превърнете хаоса в предсказуем растеж","63
63",2,true
