PR,URL,Title,Content type,Is rendered page,HTTP status code,Organic traffic,Is valid Open graph,Open graph attributes,Open graph values,Depth,Is indexable page,No. of all inlinks
40,https://www.pravdagency.eu/,Правдаст - Бизнес инженеринг за предвидим растеж в България,text/html; charset=utf-8,false,200,0,false,"og:type
og:image
og:description
og:title","website
https://pravdagency.eu/pravda-og-home.png
Превръщаме хаоса в предсказуеми системи. Проверени методи за B2B растеж.
Правдаст - Бизнес инженеринг за предвидим растеж",0,true,17
38,https://www.pravdagency.eu/terms,Общи условия - Pravda Agency | Terms of Service,text/html; charset=utf-8,false,200,0,false,"og:type
og:locale
og:site_name
og:url
og:description
og:title","website
bg_BG
Pravda Agency
https://www.pravdagency.eu/terms
Общи условия за ползване на услугите на Pravda Agency. Прочетете правилата и условията за нашите бизнес инженеринг системи.
Общи условия - Pravda Agency | Terms of Service",0,true,15
38,https://www.pravdagency.eu/faq,Често задавани въпроси - Pravda Agency | FAQ,text/html; charset=utf-8,false,200,0,false,"og:type
og:locale
og:site_name
og:url
og:description
og:title","website
bg_BG
Pravda Agency
https://www.pravdagency.eu/faq
Отговори на най-честите въпроси за нашите бизнес системи, цени, сроки и процеси. Научете повече за SEO Struktor™, Trendlab™, Clickstarter™ и Clientomat™.
Често задавани въпроси - Pravda Agency | FAQ",0,true,15
38,https://www.pravdagency.eu/case-studies,Успешни казуси - Pravda Agency | Реални резултати,text/html; charset=utf-8,false,200,0,false,"og:type
og:locale
og:site_name
og:url
og:description
og:title","website
bg_BG
Pravda Agency
https://www.pravdagency.eu/case-studies
Вижте как помогнахме на клиентите си да постигнат исключителни резултати с нашите бизнес системи. Реални проекти, измерими резултати.
Успешни казуси - Pravda Agency | Реални резултати",0,true,15
38,https://www.pravdagency.eu/contact,Контакти - Pravda Agency | Свържете се с нас,text/html; charset=utf-8,false,200,0,false,"og:type
og:locale
og:site_name
og:url
og:description
og:title","website
bg_BG
Pravda Agency
https://www.pravdagency.eu/contact
Свържете се с Pravda Agency за безплатна консултация. Офис във Варна, ул. Дебър №58. Тел: +359 879 282 299. Отговаряме в рамките на 24 часа.
Контакти - Pravda Agency | Свържете се с нас",0,true,15
38,https://www.pravdagency.eu/privacy,Политика за поверителност - Pravda Agency | Privacy Policy,text/html; charset=utf-8,false,200,0,false,"og:type
og:locale
og:site_name
og:url
og:description
og:title","website
bg_BG
Pravda Agency
https://www.pravdagency.eu/privacy
Политика за поверителност на Pravda Agency. Как защитаваме личните ви данни при използване на нашите бизнес инженеринг услуги.
Политика за поверителност - Pravda Agency | Privacy Policy",0,true,15
